id,chain,dept,category,company,brand,date,productsize,productmeasure,purchasequantity,purchaseamount
86246,205,7,707,1078778070,12564,2012-03-02,12,OZ,1,7.59
86246,205,63,6319,107654575,17876,2012-03-02,64,OZ,1,1.59
86246,205,97,9753,1022027929,0,2012-03-02,1,CT,1,5.99
86246,205,25,2509,107996777,31373,2012-03-02,16,OZ,1,1.99
86246,205,55,5555,107684070,32094,2012-03-02,16,OZ,2,10.38
86246,205,97,9753,1021015020,0,2012-03-02,1,CT,1,7.8
86246,205,99,9909,104538848,15343,2012-03-02,16,OZ,1,2.49
86246,205,59,5907,102900020,2012,2012-03-02,16,OZ,1,1.39
86246,205,9,921,101128414,9209,2012-03-02,4,OZ,2,1.5
86246,205,73,7344,1068142161,20285,2012-03-02,8,CT,1,5.79
86246,205,41,4107,104113040,28204,2012-03-02,14.5,OZ,1,0.59
86246,205,21,2106,105100050,27873,2012-03-02,64,OZ,1,3.29
86246,205,8,814,102840020,18584,2012-03-02,15.5,OZ,1,3.29
86246,205,91,9122,108200080,2911,2012-03-02,10,OZ,1,1.99
86246,205,41,4120,101116616,15266,2012-03-02,6,OZ,1,0.89
86246,205,63,6315,107996777,31373,2012-03-02,64,OZ,1,3.59
86246,205,9,907,101410010,13791,2012-03-02,24,OZ,1,3.99
86246,205,97,9753,1021013323,0,2012-03-02,1,CT,1,8.87
86246,205,45,4509,1082650484,59628,2012-03-02,16,OZ,1,4.99
86246,205,26,2630,103700030,14647,2012-03-02,56,CT,1,1
86246,205,8,815,103900030,13296,2012-03-02,8,OZ,1,1.89
86246,205,81,8101,102820020,11186,2012-03-02,1,CT,1,4.77
86246,205,56,5615,101116616,15266,2012-03-02,16,OZ,1,6.29
86246,205,58,5824,108674585,55172,2012-03-02,16,OZ,1,3.29
86246,205,9,907,107225070,12465,2012-03-02,20,OZ,1,2.99
86246,205,97,9753,10000,0,2012-03-02,1,CT,1,0.69
86246,205,8,836,101116616,15266,2012-03-02,64,OZ,1,2.19
86246,205,19,1908,104530040,13915,2012-03-02,13,OZ,1,3.69
86246,205,9,904,1078735979,6734,2012-03-02,5,OZ,1,2.49
86246,205,64,6401,108066080,4098,2012-03-02,144,OZ,1,14.69
86246,205,32,3204,107040474,14245,2012-03-02,8,OZ,1,4.39
86246,205,56,5620,101116616,15266,2012-03-02,8,OZ,1,3.29
86246,205,30,3009,102100020,9886,2012-03-02,8,OZ,1,2.09
86246,205,97,9753,1021013424,0,2012-03-02,1,CT,4,14.64
86246,205,30,3009,104100040,19975,2012-03-02,8,OZ,1,1.79
86246,205,23,2301,101116616,15266,2012-03-02,16,OZ,2,2.59
86246,205,32,3202,101116616,15266,2012-03-02,24,OZ,1,3.19
86246,205,56,5620,102100020,9886,2012-03-02,8,OZ,1,4.59
86246,205,29,2928,104100040,9814,2012-03-02,5.6,OZ,1,1.49
86246,205,19,1905,105150050,16728,2012-03-02,32,OZ,1,2.69
86246,205,31,3101,105250050,15919,2012-03-02,1.7,OZ,1,2.99
86246,205,58,5823,107080070,16704,2012-03-02,16,OZ,1,4.59
86246,205,33,3309,102840020,18584,2012-03-02,13,OZ,1,3.99
86246,205,19,1905,105150050,16728,2012-03-02,18,OZ,1,4.19
86246,205,29,2908,103900030,13296,2012-03-02,16,OZ,1,1.59
86246,205,36,3630,107800070,5208,2012-03-02,144,OZ,1,4.99
86246,205,36,3626,104900040,17186,2012-03-02,144,OZ,1,5.79
86246,205,36,3612,108265787,4687,2012-03-02,128,OZ,1,1.39
86246,205,33,3319,102840020,15598,2012-03-02,9,OZ,1,3.99
86246,205,36,3630,104900040,23359,2012-03-02,144,OZ,1,5.79
86246,205,34,3410,107418272,16853,2012-03-02,7.5,OZ,1,2.19
86246,205,36,3611,108265787,4687,2012-03-02,405.6,OZ,1,6.29
86246,205,8,809,101300010,8164,2012-03-03,12,OZ,1,1.29
86246,205,71,7113,107940070,17521,2012-03-03,12,OZ,1,1
86246,205,60,6010,101116616,15266,2012-03-03,30,OZ,1,2.99
86246,205,81,8101,102820020,11186,2012-03-03,1,CT,2,9.54
86246,205,27,2702,102310020,13705,2012-03-03,17,LB,1,18.89
86246,205,81,8101,102610020,11320,2012-03-03,1,CT,1,3.59
86246,205,64,6408,101323212,40291,2012-03-03,0.75,LT,1,10.29
86246,205,36,3601,104900040,3809,2012-03-04,20,OZ,1,1.69
86246,205,56,5620,107592575,4368,2012-03-04,8,OZ,1,3.19
86246,205,41,4106,101116616,15266,2012-03-04,6.5,OZ,1,1.69
86246,205,63,6316,101116616,15266,2012-03-04,8,OZ,1,1.29
86246,205,33,3307,107641070,10160,2012-03-04,1.5,OZ,2,1
86246,205,23,2301,103340030,68309,2012-03-04,12,OZ,1,1.5
86246,205,44,4402,103100030,1358,2012-03-04,7,OZ,2,1.98
86246,205,26,2633,105400050,16048,2012-03-04,12,RL,1,8.39
86246,205,9,902,107641070,10160,2012-03-04,2.25,OZ,2,1.98
86246,205,56,5613,101116616,15266,2012-03-04,15,OZ,1,2.49
86246,205,8,811,104112949,3635,2012-03-04,24,OZ,1,3.19
86246,205,9,908,104980040,12592,2012-03-04,8,OZ,1,3.99
86246,205,64,6408,108289686,6276,2012-03-05,0.75,LT,1,8.29
86246,205,9,915,107312474,18613,2012-03-05,12,OZ,2,3.48
86246,205,63,6315,104138343,10091,2012-03-05,64,OZ,1,4.39
86246,205,16,1601,102200020,1827,2012-03-05,15,CT,1,1.29
86246,205,58,5899,107117474,22410,2012-03-05,16,OZ,5,13.05
86246,205,36,3611,108265787,4687,2012-03-05,202.8,OZ,1,4.49
86246,205,70,7002,1030813737,25162,2012-03-06,30,CT,1,2.39
86246,205,41,4105,101116616,15266,2012-03-06,14.75,OZ,6,8.34
86246,205,26,2634,103700030,3293,2012-03-06,6,RL,1,4.99
86246,205,41,4105,101116616,15266,2012-03-06,14.5,OZ,4,5.56
86246,205,73,7318,1030004535,10091,2012-03-06,32,CT,1,8.49
86246,205,41,4107,101116616,15266,2012-03-06,14.5,OZ,1,0.69
86246,205,56,5620,101116616,15266,2012-03-06,8,OZ,2,6.18
86246,205,41,4107,101116616,15266,2012-03-06,13.5,OZ,1,1.29
86246,205,75,7501,104589343,17521,2012-03-06,18,OZ,1,3.29
86246,205,37,3703,105100050,2820,2012-03-06,10.75,OZ,1,0.79
86246,205,26,2628,1077191373,13194,2012-03-06,1,RL,1,1
86246,205,29,2904,101600010,7860,2012-03-06,7.2,OZ,1,1.5
86246,205,72,7205,103500030,3830,2012-03-06,4.6,OZ,1,3.99
86246,205,33,3303,104166444,7179,2012-03-06,16,OZ,1,3.49
86246,205,63,6315,101116616,15266,2012-03-06,128,OZ,1,3.69
86246,205,29,2923,104100040,9814,2012-03-06,4.3,OZ,1,1.49
86246,205,21,2116,104300040,26420,2012-03-06,40.5,OZ,1,1.39
86246,205,97,9753,1022042424,0,2012-03-06,1,CT,3,34.99
86246,205,58,5823,107740070,2500,2012-03-06,2,OZ,1,0.89
86246,205,51,5134,107008575,26885,2012-03-06,7,OZ,1,2.69
86246,205,26,2628,104116343,8435,2012-03-06,1,RL,1,2.69
86246,205,97,9753,1022021020,0,2012-03-06,1,CT,3,27.3
86246,205,58,5827,107367575,3012,2012-03-06,12,OZ,2,7.58
86246,205,8,801,101300010,8164,2012-03-06,14,OZ,1,1.79
86246,205,24,2407,101700010,885,2012-03-06,4.75,OZ,1,0.6
86246,205,45,4508,104440040,7504,2012-03-06,11.4,OZ,1,5.49
86246,205,9,920,107978373,1081,2012-03-06,7.4,OZ,3,3
86246,205,51,5125,102580020,16668,2012-03-06,9,OZ,2,7.58
86246,205,5,501,101116616,15266,2012-03-06,17,OZ,1,3.99
86246,205,41,4108,105030050,17737,2012-03-06,15.5,OZ,1,1.29
86246,205,14,1404,102850020,10802,2012-03-06,16,OZ,1,1
86246,205,41,4109,105100050,2820,2012-03-06,11,OZ,2,1.18
86246,205,8,802,107550070,18204,2012-03-06,10,OZ,2,1.78
86246,205,54,5402,101800010,14029,2012-03-06,16.4,OZ,1,2.49
86246,205,9,908,107235979,2011,2012-03-06,10,OZ,1,2.69
86246,205,51,5106,103100030,9626,2012-03-06,8,OZ,1,2.49
86246,205,0,0,10000,0,2012-03-06,0,,2,-6.69
86246,205,51,5106,103100030,9626,2012-03-06,10.1,OZ,1,2.49
86246,205,10,1013,107402777,14200,2012-03-06,8,OZ,1,1
86246,205,54,5403,101800010,14029,2012-03-06,11.5,OZ,1,3.19
86246,205,4,427,102200020,506,2012-03-06,1.76,OZ,1,2.19
86246,205,51,5125,1071785474,11614,2012-03-06,8,OZ,3,5.09
86246,205,10,1013,103890030,5072,2012-03-06,17.2,OZ,1,3.29
86246,205,51,5128,1071785474,11614,2012-03-06,8,OZ,1,1.7
86246,205,63,6328,107590070,2073,2012-03-07,20,OZ,1,4.95
86246,205,4,405,1060069969,55864,2012-03-07,10,OZ,1,1.79
86246,205,63,6313,107357070,8185,2012-03-07,12,OZ,1,2.39
86246,205,55,5567,104154848,5603,2012-03-07,5.8,OZ,1,1.25
86246,205,25,2503,101116616,15266,2012-03-07,8,OZ,1,2.99
86246,205,9,902,101116616,15266,2012-03-07,14.4,OZ,1,3.19
86246,205,63,6315,101116616,15266,2012-03-07,128,OZ,1,3.69
86246,205,51,5128,101450010,20864,2012-03-07,10,OZ,1,2.09
86246,205,22,2201,104113040,28204,2012-03-07,60,OZ,1,0.99
86246,205,4,416,103400030,8247,2012-03-07,3.92,OZ,1,1.89
86246,205,57,5704,105360050,10074,2012-03-07,6,OZ,2,1.78
86246,205,55,5558,104154848,5603,2012-03-07,5.8,OZ,1,1.25
86246,205,57,5705,105360050,10074,2012-03-07,6,OZ,2,1.74
86246,205,36,3618,104900040,23359,2012-03-07,67.6,OZ,1,1.89
86246,205,27,2712,103270030,7966,2012-03-07,1,CT,1,5.09
86246,205,41,4107,101116616,15266,2012-03-07,15.25,OZ,1,0.69
86246,205,33,3303,102840020,10241,2012-03-07,10.5,OZ,1,4.29
86246,205,29,2903,105100050,72482,2012-03-07,15,OZ,1,0.99
86246,205,58,5812,1063690666,12339,2012-03-08,14,OZ,1,5.49
86246,205,27,2710,103320030,875,2012-03-09,14,LB,1,6.99
86246,205,64,6401,101820010,11616,2012-03-09,72,OZ,1,6.29
86246,205,9,902,103010030,20332,2012-03-09,16,OZ,1,3.19
86246,205,24,2410,104780040,19058,2012-03-09,4.25,OZ,1,1.99
86246,205,55,5552,104113040,84481,2012-03-09,48,OZ,1,4.29
86246,205,63,6315,1074236575,8499,2012-03-09,64,OZ,1,4.39
86246,205,5,501,103800030,14900,2012-03-09,20,OZ,1,4.29
86246,205,21,2106,103120030,12957,2012-03-09,64,OZ,1,2.99
86246,205,8,810,101116616,15266,2012-03-09,1,OZ,1,0.99
86246,205,63,6320,102685525,7667,2012-03-09,12,CT,1,1.69
86246,205,33,3318,104113040,28204,2012-03-09,15,OZ,1,1.55
86246,205,26,2613,103700030,10861,2012-03-09,27,CT,1,8.99
86246,205,18,1835,104116343,8435,2012-03-09,6.7,LB,1,5.89
86246,205,10,1010,105150050,16728,2012-03-10,5,OZ,2,5.18
86246,205,64,6406,108500080,673,2012-03-10,0.75,LT,4,27.96
86246,205,8,810,101116616,15266,2012-03-10,0.87,OZ,2,2.18
86246,205,63,6315,101116616,15266,2012-03-10,128,OZ,1,3.69
86246,205,9,907,107021070,69929,2012-03-10,11,OZ,1,1.09
86246,205,97,9753,1020999929,0,2012-03-10,1,CT,1,7.88
86246,205,5,501,101600010,3331,2012-03-10,21.6,OZ,1,5.99
86246,205,26,2628,104200040,2308,2012-03-10,1,RL,1,1
86246,205,9,907,101410010,13791,2012-03-10,13,OZ,1,3.49
86246,205,63,6320,102685525,7667,2012-03-10,18,CT,1,2.79
86246,205,5,501,1088491282,16363,2012-03-10,16.4,OZ,1,4.39
86246,205,63,6311,1082415080,22328,2012-03-10,16,OZ,1,4.99
86246,205,31,3101,107096979,17090,2012-03-10,4.5,OZ,1,2.29
86246,205,63,6317,102529323,16410,2012-03-10,64,OZ,1,3.79
86246,205,31,3101,105250050,15919,2012-03-10,3.5,OZ,1,2.99
86246,205,26,2622,101090010,15232,2012-03-10,5,CT,1,2.99
86246,205,30,3008,104133545,43106,2012-03-10,16,OZ,1,3.49
86246,205,63,6305,101630010,6509,2012-03-10,59,OZ,1,4.49
86246,205,33,3305,102840020,18584,2012-03-10,10,OZ,1,3.99
86246,205,26,2617,101090010,15232,2012-03-10,1,CT,1,1.89
86246,205,30,3010,104300040,9886,2012-03-10,14,OZ,1,3.49
86246,205,36,3611,101200010,803,2012-03-10,405.6,OZ,1,6.49
86246,205,32,3204,101116616,15266,2012-03-11,17,OZ,1,5.39
86246,205,37,3709,104178949,11224,2012-03-11,3,OZ,1,0.35
86246,205,56,5610,107592575,4368,2012-03-11,6,OZ,1,3.19
86246,205,41,4105,102400020,4704,2012-03-11,14.5,OZ,3,4.47
86246,205,9,907,101410010,13791,2012-03-11,13,OZ,1,3.49
86246,205,36,3631,107800070,23209,2012-03-11,67.6,OZ,1,1.69
86246,205,56,5610,101116616,15266,2012-03-11,5,OZ,1,3.29
86246,205,36,3630,104900040,3809,2012-03-11,67.6,OZ,1,1.89
86246,205,3,302,102800020,30272,2012-03-11,12,OZ,1,3.19
86246,205,41,4107,102400020,4704,2012-03-11,15.25,OZ,2,3.39
86246,205,9,907,107763373,17614,2012-03-11,24,OZ,1,2.79
86246,205,41,4105,102400020,4704,2012-03-11,28,OZ,1,2.19
86246,205,9,908,102430020,10577,2012-03-11,11.39,OZ,1,2.5
86246,205,38,3801,101116616,15266,2012-03-11,2,LB,1,2.09
86246,205,64,6409,108678585,17449,2012-03-11,0.75,LT,1,8.69
86246,205,59,5902,103450030,10165,2012-03-11,8,OZ,1,2.39
86246,205,63,6330,101116616,15266,2012-03-11,16,OZ,1,2.49
86246,205,26,2630,103700030,14647,2012-03-11,56,CT,2,2
86246,205,56,5620,107592575,4368,2012-03-11,8,OZ,1,3.19
86246,205,23,2301,102920020,12168,2012-03-11,16,OZ,1,1.79
86246,205,58,5812,105450050,1322,2012-03-11,16,OZ,1,3.79
86246,205,63,6315,101116616,15266,2012-03-11,128,OZ,1,3.69
86246,205,58,5823,104470040,13310,2012-03-11,9,OZ,2,8.58
86246,205,57,5710,107047070,20230,2012-03-11,6,OZ,2,1.98
86246,205,5,501,1088491282,8459,2012-03-12,13,OZ,1,4.39
86246,205,64,6409,104198545,4071,2012-03-12,1.5,LT,1,7.79
86246,205,16,1604,102200020,6021,2012-03-12,15,CT,1,1.29
86246,205,27,2702,104116343,28305,2012-03-12,4.4,LB,1,4.09
86246,205,32,3204,104179040,1698,2012-03-12,17,OZ,1,7.59
86246,205,30,3008,104133545,43106,2012-03-12,16,OZ,1,3.49
86246,205,63,6320,102685525,7667,2012-03-13,18,CT,1,2.79
86246,205,26,2630,103600030,9787,2012-03-13,120,CT,2,4.98
86246,205,26,2617,101090010,15232,2012-03-13,1,CT,1,3.99
86246,205,33,3303,104178040,19154,2012-03-14,3.25,OZ,1,1
86246,205,64,6409,104198545,4071,2012-03-14,1.5,LT,1,7.79
86246,205,33,3307,104157040,2017,2012-03-14,8,OZ,1,3.99
86246,205,63,6313,107020070,11244,2012-03-14,15.5,OZ,1,3.89
86246,205,56,5607,101116616,15266,2012-03-14,8,OZ,1,2.19
86246,205,58,5824,1076401474,304,2012-03-14,12,OZ,1,4.99
86246,205,4,418,104000040,11698,2012-03-14,4.62,OZ,1,1.89
86246,205,59,5902,101116616,15266,2012-03-14,8,OZ,1,1.89
86246,205,55,5556,104113040,28204,2012-03-14,56,OZ,1,2.49
86246,205,57,5704,105360050,10074,2012-03-14,6,OZ,1,0.89
86246,205,6,610,104900040,6869,2012-03-14,16,OZ,1,1.59
86246,205,63,6315,107996777,31373,2012-03-14,32,OZ,1,1.99
86246,205,36,3618,104900040,23359,2012-03-15,101.4,OZ,1,3.99
86246,205,64,6401,103410030,11704,2012-03-15,144,OZ,1,6.79
86246,205,36,3611,104900040,4599,2012-03-15,405.6,OZ,1,4.99
86246,205,56,5607,101116616,15266,2012-03-15,8,OZ,1,2.19
86246,205,9,907,107021070,69929,2012-03-15,24,OZ,1,1.09
86246,205,43,4302,101116616,15266,2012-03-15,12,OZ,1,3.19
86246,205,44,4407,103542737,14964,2012-03-15,24,OZ,1,3.99
86246,205,26,2628,103040030,17034,2012-03-16,8,RL,1,5.49
86246,205,99,9908,103338333,33170,2012-03-16,8,OZ,1,2.19
86246,205,74,7407,107033070,1783,2012-03-16,12,CT,1,3.99
86246,205,8,805,105160050,10267,2012-03-16,10,OZ,1,3.89
86246,205,29,2925,101340010,5232,2012-03-16,32,OZ,1,1.79
86246,205,9,908,107731777,17055,2012-03-16,25,OZ,1,5.99
86246,205,30,3008,104133545,43106,2012-03-17,1.5,OZ,1,0.75
86246,205,99,9908,103338333,33170,2012-03-17,16,OZ,1,1.49
86246,205,30,3010,104133545,43106,2012-03-17,1.5,OZ,1,0.75
86246,205,54,5403,107142171,54806,2012-03-17,14.8,OZ,1,4.39
86246,205,36,3632,107185474,74108,2012-03-17,20,OZ,2,2
86246,205,99,9909,107127979,6732,2012-03-17,7,OZ,2,8.38
86246,205,36,3628,101200010,12029,2012-03-17,20,OZ,1,1.49
86246,205,0,0,10000,0,2012-03-17,0,,4,5.81
86246,205,58,5812,101590010,1366,2012-03-17,16,OZ,2,3.18
86246,205,9,907,107021070,69929,2012-03-17,22,OZ,1,1.5
86246,205,64,6401,101820010,2510,2012-03-17,216,OZ,1,14.19
86246,205,4,416,103400030,8247,2012-03-17,1.45,OZ,1,0.99
86246,205,18,1835,104460040,9709,2012-03-17,3.3,LB,1,4.59
86246,205,64,6408,101834111,1387,2012-03-17,0.75,LT,1,6.49
86246,205,60,6011,101800010,14029,2012-03-17,16.3,OZ,4,8.79
86246,205,64,6408,108224282,5487,2012-03-17,0.75,LT,1,4.99
86246,205,24,2407,103900030,10383,2012-03-17,5,OZ,2,1.78
86246,205,64,6409,108678585,40382,2012-03-17,0.75,LT,2,9.98
86246,205,57,5705,103663232,4568,2012-03-17,6,OZ,2,1.78
86246,205,99,9908,103338333,33170,2012-03-18,160,OZ,1,5.99
86246,205,81,8101,101230010,2803,2012-03-18,1,CT,1,4.79
86246,205,5,519,101116616,15266,2012-03-18,12.7,OZ,1,3.29
86246,205,24,2415,103760030,11238,2012-03-18,15,OZ,2,3.98
86246,205,99,9909,107143070,5072,2012-03-18,22,OZ,1,2.59
86246,205,64,6409,104198545,4071,2012-03-18,1.5,LT,1,7.79
86246,205,4,422,107279979,19735,2012-03-18,5.5,OZ,1,2.39
86246,205,58,5833,104113040,6165,2012-03-18,48,OZ,1,8.89
86246,205,4,427,103400030,8682,2012-03-18,1.5,OZ,1,1.99
86246,205,81,8101,102820020,11186,2012-03-18,1,CT,1,4.77
86246,205,8,801,101116616,15266,2012-03-18,24,OZ,1,1.67
86246,205,24,2406,103760030,17027,2012-03-18,12,OZ,2,5
86246,205,4,416,104000040,16765,2012-03-18,1.76,OZ,1,0.99
86246,205,97,9753,1022020121,0,2012-03-18,1,CT,1,7.52
86246,205,4,416,104000040,26517,2012-03-18,1.14,OZ,1,0.99
86246,205,58,5823,107080070,16704,2012-03-18,16,OZ,1,4.59
86246,205,27,2704,104113040,28204,2012-03-18,64,OZ,1,3.99
86246,205,97,9716,104116343,8435,2012-03-18,128,OZ,1,2.69
86246,205,29,2921,102970020,8711,2012-03-18,3.95,OZ,4,5
86246,205,35,3509,109451494,20153,2012-03-18,75,OZ,2,6.78
86246,205,31,3108,102460020,11990,2012-03-18,26,OZ,1,1.09
86246,205,36,3601,101200010,13794,2012-03-19,144,OZ,1,3.99
86246,205,55,5559,104113040,28204,2012-03-19,30,OZ,1,2.49
86246,205,35,3509,1088596787,5428,2012-03-19,50,OZ,1,2.99
86246,205,15,1506,101819515,16180,2012-03-19,2.5,OZ,2,3.58
86246,205,35,3504,103700030,4628,2012-03-19,19,OZ,1,1.99
86246,205,56,5615,101116616,15266,2012-03-19,8,OZ,1,3.29
86246,205,35,3509,109451494,20153,2012-03-19,75,OZ,1,3.39
86246,205,4,416,103400030,16570,2012-03-19,1.4,OZ,1,0.99
86246,205,21,2105,105200050,7054,2012-03-19,32,OZ,8,8
86246,205,41,4107,104430040,9977,2012-03-19,14,OZ,2,3.18
86246,205,97,9753,1021017020,0,2012-03-19,1,CT,1,4.7
86246,205,5,501,1087694181,13478,2012-03-19,6,OZ,1,1
86246,205,58,5814,104660040,885,2012-03-19,2.9,OZ,1,1.39
86246,205,63,6316,107996777,31373,2012-03-19,16,OZ,1,1.69
86246,205,21,2117,102500020,26108,2012-03-19,67.5,OZ,1,2.89
86246,205,64,6408,108500080,6967,2012-03-19,0.75,LT,1,3.99
86246,205,59,5902,107592575,4368,2012-03-19,16,OZ,1,4.19
86246,205,97,9709,104205444,6394,2012-03-19,1,CT,1,1.49
86246,205,23,2301,102920020,12168,2012-03-19,16,OZ,2,3.58
86246,205,67,6703,104815545,13864,2012-03-19,12,OZ,1,1
86246,205,59,5907,102700020,2012,2012-03-19,15,OZ,1,1.85
86246,205,10,1010,103400030,8247,2012-03-20,24,OZ,1,2.69
86246,205,64,6401,107143979,15448,2012-03-20,72,OZ,1,5.99
86246,205,0,0,10000,0,2012-03-20,0,,1,-0.22
86246,205,36,3626,101200010,16391,2012-03-20,67.6,OZ,1,1.39
86246,205,9,907,107225070,12465,2012-03-20,20,OZ,1,3.09
86246,205,36,3630,107800070,5208,2012-03-21,67.6,OZ,1,1.69
86246,205,99,9908,103338333,33170,2012-03-21,16,OZ,2,3.98
86246,205,34,3411,107940070,17521,2012-03-21,12,OZ,1,2.49
86246,205,41,4109,105100050,2820,2012-03-21,11,OZ,4,2.36
86246,205,36,3630,107800070,23561,2012-03-21,67.6,OZ,1,1.69
86246,205,99,9909,107143070,5072,2012-03-21,22,OZ,1,2.59
86246,205,34,3410,107418272,16853,2012-03-21,7.5,OZ,1,2.19
86246,205,4,418,103400030,15113,2012-03-21,4.4,OZ,1,1.89
86246,205,39,3903,103000030,1058,2012-03-21,12,OZ,1,2.99
86246,205,99,9909,107127979,6732,2012-03-21,10,OZ,1,3.69
86246,205,36,3611,108265787,4687,2012-03-21,473.2,OZ,1,4.99
86246,205,9,901,1070897171,10653,2012-03-21,13.5,OZ,1,3.59
86246,205,41,4107,101116616,15266,2012-03-21,15.25,OZ,2,1.38
86246,205,2,214,101600010,1910,2012-03-21,5.1,OZ,2,2
86246,205,36,3629,101200010,23360,2012-03-21,67.6,OZ,1,1.69
86246,205,9,902,101116616,15266,2012-03-21,14.4,OZ,1,3.19
86246,205,30,3010,104100040,19975,2012-03-21,8,OZ,1,1.79
86246,205,5,501,101116616,15266,2012-03-21,17.3,OZ,1,3.29
86246,205,33,3308,102840020,3336,2012-03-21,9.75,OZ,1,3.49
86246,205,14,1404,104113040,28204,2012-03-21,48,OZ,1,1.99
86246,205,31,3108,102150020,10238,2012-03-21,4,OZ,1,1.99
86246,205,8,835,101340919,17823,2012-03-21,16,OZ,1,2.99
86246,205,33,3305,102840020,18584,2012-03-21,10,OZ,1,3.99
86246,205,9,908,107225070,2011,2012-03-21,11.5,OZ,1,2.69
86246,205,31,3101,102240020,12114,2012-03-21,2.4,OZ,1,2.99
86246,205,5,501,101600010,3331,2012-03-21,8.9,OZ,1,3.89
86246,205,19,1905,104180040,19713,2012-03-21,18,OZ,1,2.19
86246,205,9,907,107518575,11221,2012-03-21,15,OZ,1,3.49
86246,205,63,6316,107996777,31373,2012-03-21,16,OZ,2,3.38
86246,205,4,405,1076020373,55784,2012-03-21,9,OZ,1,1
86246,205,63,6311,107146474,2142,2012-03-21,32,OZ,1,5.29
86246,205,9,908,107731777,17055,2012-03-21,22,OZ,1,3.99
86246,205,97,9753,1021015020,0,2012-03-21,1,CT,1,7.16
86246,205,7,707,102550020,6550,2012-03-21,10.3,OZ,1,4.89
86246,205,26,2620,104116343,8435,2012-03-21,20,CT,1,1.79
86246,205,4,418,103400030,8247,2012-03-21,4.4,OZ,2,3.98
86246,205,64,6401,108992484,20251,2012-03-21,72,OZ,1,5.89
86246,205,8,810,104140949,3957,2012-03-21,1.1,OZ,1,0.99
86246,205,58,5812,105450050,1322,2012-03-21,16,OZ,1,5.29
86246,205,70,7005,104650040,12977,2012-03-21,6,OZ,1,5.79
86246,205,19,1908,104113040,28204,2012-03-21,18,OZ,1,2.79
86246,205,75,7504,104116343,5845,2012-03-21,8,OZ,1,6.99
86246,205,63,6315,101116616,15266,2012-03-21,128,OZ,1,3.69
86246,205,64,6401,108992484,20251,2012-03-21,288,OZ,1,17.29
86246,205,21,2105,1065762262,26129,2012-03-21,16.9,OZ,1,1.29
86246,205,97,9753,1021704727,0,2012-03-21,1,CT,1,5.97
86246,205,26,2609,104113040,28204,2012-03-21,30,CT,1,0.89
86246,205,75,7507,1030813737,32322,2012-03-21,1,OZ,1,6.15
86246,205,64,6401,101820010,31244,2012-03-21,144,OZ,2,21.18
86246,205,73,7304,104110040,4082,2012-03-21,20,CT,1,5.75
86246,205,73,7302,1030057333,250,2012-03-21,75,CT,1,7.29
86246,205,64,6409,108312080,42566,2012-03-21,0.75,LT,1,4.99
86246,205,99,9904,103338333,33170,2012-03-22,48,OZ,1,3.59
86246,205,63,6315,101116616,15266,2012-03-22,128,OZ,1,3.69
86246,205,51,5106,103100030,9626,2012-03-22,8,OZ,3,7.47
86246,205,97,9753,1020011121,0,2012-03-22,1,CT,1,1.5
86246,205,99,9908,103338333,33170,2012-03-22,4,OZ,1,1.49
86246,205,9,911,104113040,15294,2012-03-22,5,OZ,1,2.09
86246,205,4,416,101070010,8131,2012-03-22,1.4,OZ,1,0.99
86246,205,10,1010,1060069969,55864,2012-03-22,7,OZ,1,1.79
86246,205,26,2629,1067274464,4529,2012-03-23,150,CT,1,1
86246,205,56,5607,101116616,15266,2012-03-23,8,OZ,1,2.19
86246,205,9,912,101410010,13791,2012-03-23,21,OZ,1,4.49
86246,205,33,3305,102840020,5141,2012-03-24,11.5,OZ,1,4.29
86246,205,99,9908,103338333,33170,2012-03-24,80,OZ,1,3.29
86246,205,33,3303,103304939,11221,2012-03-24,9.5,OZ,1,4.29
86246,205,56,5615,107592575,4368,2012-03-24,16,OZ,1,5.89
86246,205,31,3108,102460020,11990,2012-03-24,8,OZ,1,1.09
86246,205,6,610,1071941070,24978,2012-03-24,3.86,OZ,1,3.99
86246,205,33,3310,107448878,16705,2012-03-24,1.75,OZ,1,0.99
86246,205,51,5117,104113040,21174,2012-03-24,16.2,OZ,1,5.99
86246,205,35,3504,107261373,17576,2012-03-24,25,OZ,1,1
86246,205,9,907,107763373,17614,2012-03-24,18,OZ,1,2.79
86246,205,36,3630,107800070,5208,2012-03-24,67.6,OZ,1,1.69
86246,205,56,5610,107592575,4368,2012-03-24,8,OZ,1,3.99
86246,205,41,4105,102400020,4704,2012-03-24,14.5,OZ,1,1.49
86246,205,9,901,102750020,837,2012-03-24,9.25,OZ,1,3.19
86246,205,36,3632,107800070,17635,2012-03-24,67.6,OZ,1,1.69
86246,205,55,5552,107144171,7675,2012-03-24,48,OZ,1,4.99
86246,205,64,6401,101820010,2510,2012-03-24,216,OZ,1,12.99
86246,205,9,908,107626575,35722,2012-03-24,12,OZ,1,2.49
86246,205,58,5811,107929676,10737,2012-03-24,7.5,OZ,2,6.5
86246,205,51,5119,104162545,26573,2012-03-24,20,OZ,2,11.98
86246,205,64,6408,108500080,6967,2012-03-24,0.75,LT,1,3.99
86246,205,8,814,104156545,13412,2012-03-24,16,OZ,1,2.99
86246,205,22,2201,104460040,3718,2012-03-24,96,OZ,2,5.58
86246,205,9,917,104335444,25412,2012-03-24,17,OZ,1,2.39
86246,205,58,5812,104470040,13310,2012-03-24,16,OZ,1,5.19
86246,205,8,805,102100020,3337,2012-03-24,15,OZ,1,4.79
86246,205,23,2301,102920020,12168,2012-03-24,16,OZ,1,1.79
86246,205,0,0,10000,0,2012-03-24,0,,1,5.79
86246,205,58,5835,107790070,9200,2012-03-24,16,OZ,1,4.59
86246,205,7,702,104300040,11339,2012-03-24,2,OZ,1,2.59
86246,205,58,5827,104470040,13310,2012-03-24,16,OZ,1,5.99
86246,205,99,9908,103338333,33170,2012-03-25,8,OZ,1,2.19
86246,205,97,9753,1021013626,0,2012-03-25,1,CT,1,5.7
86246,205,56,5610,107015777,18691,2012-03-25,4.25,OZ,1,2.99
86246,205,26,2628,103600030,9787,2012-03-25,1,RL,2,2
86246,205,99,9909,107127979,6732,2012-03-25,9.8,OZ,1,3.99
86246,205,63,6320,107794373,61360,2012-03-25,12,CT,1,2.39
86246,205,15,1506,101819515,16180,2012-03-25,2.5,OZ,1,1.79
86246,205,59,5902,103450030,10165,2012-03-25,16,OZ,1,3.89
86246,205,47,4704,101116616,15266,2012-03-25,12,OZ,2,3.98
86246,205,64,6409,104198545,4071,2012-03-25,1.5,LT,1,7.79
86246,205,13,1306,107101272,9680,2012-03-25,5,LB,1,4.39
86246,205,23,2301,102920020,12168,2012-03-25,16,OZ,1,1.79
86246,205,51,5122,107142171,14012,2012-03-25,5.5,OZ,1,1.25
86246,205,64,6401,101820010,12358,2012-03-25,24,OZ,1,1.39
86246,205,9,913,105960858,35802,2012-03-25,12,OZ,1,1.99
86246,205,63,6305,102500020,11749,2012-03-25,59,OZ,1,3.95
86246,205,56,5615,103798232,19182,2012-03-25,8,OZ,1,4.99
86246,205,97,9753,1022020222,0,2012-03-25,1,CT,1,2.87
86246,205,55,5558,107255474,35506,2012-03-25,36.8,OZ,1,6.49
86246,205,23,2301,102920020,12168,2012-03-25,8,OZ,1,1.09
86246,205,55,5560,104154848,5603,2012-03-25,16.1,OZ,1,3.99
86246,205,58,5823,107740070,2500,2012-03-25,4,OZ,1,1.55
86246,205,36,3635,107478070,13856,2012-03-25,33.8,OZ,2,3.98
86246,205,63,6312,102500020,11749,2012-03-25,59,OZ,1,2.19
86246,205,36,3618,104900040,23359,2012-03-25,20,OZ,1,1.69
86246,205,37,3706,105100050,2820,2012-03-25,10.75,OZ,1,1.79
86246,205,16,1604,102200020,5558,2012-03-26,12,CT,1,1.19
86246,205,27,2712,103270030,7966,2012-03-26,1,CT,2,10.18
86246,205,43,4302,107027272,15085,2012-03-26,6.5,OZ,1,2.99
86246,205,64,6409,104198545,4071,2012-03-26,1.5,LT,1,7.79
86246,205,10,1010,103400030,8247,2012-03-26,24,OZ,1,2.69
86246,205,21,2116,104300040,26420,2012-03-26,40.5,OZ,1,1.39
86246,205,55,5552,102073525,18893,2012-03-26,48,OZ,2,10.78
86246,205,97,9753,1020011121,0,2012-03-26,1,CT,2,3
86246,205,10,1006,104113040,28204,2012-03-26,10,OZ,1,1.39
86246,205,63,6315,101116616,15266,2012-03-26,128,OZ,2,7.38
86246,205,55,5552,102073525,18893,2012-03-27,48,OZ,2,10.78
86246,205,64,6401,101820010,2510,2012-03-27,216,OZ,1,13.99
86246,205,5,501,103800030,4086,2012-03-27,12,OZ,1,3.69
86246,205,27,2702,101901414,8664,2012-03-27,8,LB,1,13.79
86246,205,12,1206,108660080,2559,2012-03-27,5,OZ,1,1.99
86246,205,26,2633,103040030,683,2012-03-27,4,RL,1,1.99
86246,205,0,0,10000,0,2012-03-27,0,,1,-1.32
86246,205,25,2504,101116616,15266,2012-03-27,12,OZ,2,2.58
86246,205,9,902,103010030,20332,2012-03-27,16,OZ,1,3.19
86246,205,29,2908,103760030,8501,2012-03-27,15,OZ,1,1.89
86246,205,9,905,104300040,17447,2012-03-27,6,OZ,1,1.29
86246,205,29,2908,104113040,2982,2012-03-27,15,OZ,1,1.99
86246,205,4,416,103400030,2689,2012-03-28,1.5,OZ,3,2.07
86246,205,36,3604,107800070,2829,2012-03-28,67.6,OZ,1,1.69
86246,205,97,9753,10000,0,2012-03-28,1,CT,1,1.18
86246,205,63,6315,101116616,15266,2012-03-28,128,OZ,2,7.38
86246,205,25,2509,101116616,15266,2012-03-28,32,OZ,1,2.69
86246,205,33,3312,103700030,14494,2012-03-30,6.38,OZ,1,1.99
86246,205,81,8115,104116343,8435,2012-03-30,6,CT,1,1
86246,205,36,3630,104900040,3809,2012-03-30,67.6,OZ,1,1.89
86246,205,59,5907,102740020,16291,2012-03-30,15,OZ,1,2.89
86246,205,36,3611,108265787,4687,2012-03-30,101.4,OZ,1,1
86246,205,64,6409,108500080,1949,2012-03-30,0.75,LT,1,5.59
86246,205,33,3307,107641070,10160,2012-03-30,1.5,OZ,2,1.98
86246,205,25,2506,104127141,26189,2012-03-30,16,OZ,1,2.29
86246,205,97,9753,1022101727,0,2012-03-30,1,CT,1,12.59
86246,205,21,2114,104140949,3957,2012-03-30,4.5,OZ,1,0.99
86246,205,53,5307,102880020,7907,2012-03-30,8,OZ,1,2.99
86246,205,9,913,105960858,35802,2012-03-30,12,OZ,1,1.99
86246,205,56,5604,107015777,18691,2012-03-30,5,OZ,1,2.99
86246,205,97,9753,1021010222,0,2012-03-31,1,CT,2,19.97
86246,205,99,9908,103338333,287,2012-03-31,80,OZ,1,3.29
86246,205,56,5620,101116616,15266,2012-03-31,8,OZ,2,6.58
86246,205,0,0,10000,0,2012-03-31,0,,3,37.89
86246,205,65,6501,107891373,66738,2012-03-31,9,OZ,1,2.79
86246,205,99,9908,103338333,33170,2012-03-31,160,OZ,1,5.99
86246,205,25,2509,101116616,15266,2012-03-31,32,OZ,1,2.69
86246,205,43,4302,107027272,15085,2012-03-31,6.5,OZ,1,2.99
86246,205,97,9753,1022020222,0,2012-03-31,1,CT,3,8.83
86246,205,9,901,104400040,8463,2012-03-31,10,OZ,1,3.59
86246,205,58,5827,107539373,55244,2012-03-31,12,OZ,1,3.59
86246,205,41,4108,102880020,7907,2012-03-31,40.5,OZ,1,2.99
86246,205,63,6315,101116616,15266,2012-03-31,128,OZ,1,3.79
86246,205,49,4901,104113040,28204,2012-03-31,80,OZ,1,3.79
86246,205,36,3604,107800070,2829,2012-03-31,67.6,OZ,2,3.38
86246,205,29,2903,106414464,3342,2012-03-31,15,OZ,5,5
86246,205,35,3509,103320030,875,2012-03-31,50,OZ,1,5.89
86246,205,33,3305,102840020,5141,2012-03-31,1.25,OZ,1,0.5
86246,205,33,3312,103700030,14494,2012-03-31,6.38,OZ,1,1.99
86246,205,36,3618,104900040,23359,2012-03-31,67.6,OZ,1,1.89
86246,205,99,9908,103338333,33170,2012-04-01,16,OZ,1,1.49
86246,205,35,3504,104815545,14363,2012-04-01,25,OZ,1,1
86246,205,4,410,101120616,16681,2012-04-01,8,OZ,1,1.59
86246,205,34,3410,1080882989,10794,2012-04-01,13.5,OZ,1,1
86246,205,56,5615,107835474,2675,2012-04-01,8,OZ,1,3.99
86246,205,36,3611,108265787,4687,2012-04-01,142.2,OZ,1,3.19
86246,205,9,908,107731777,33170,2012-04-01,25,OZ,1,5.49
86246,205,36,3611,104900040,4599,2012-04-01,20,OZ,1,1.69
86246,205,45,4508,107012070,16508,2012-04-01,5,OZ,1,2.19
86246,205,39,3903,103905939,17176,2012-04-01,8.5,OZ,1,6.99
86246,205,0,0,10000,0,2012-04-01,0,,1,9.45
86246,205,69,6901,103700030,16139,2012-04-01,2.6,OZ,1,2.99
86246,205,51,5117,101116616,15266,2012-04-01,20.5,OZ,1,3.59
86246,205,26,2617,1017472919,19006,2012-04-01,1,CT,2,2
86246,205,9,907,101410010,13791,2012-04-01,24,OZ,2,7.98
86246,205,63,6320,1076912373,2209,2012-04-01,12,CT,1,3.39
86246,205,5,501,101600010,3331,2012-04-01,21.6,OZ,1,5.99
86246,205,63,6315,101116616,15266,2012-04-01,32,OZ,1,1.69
86246,205,9,908,107731777,17055,2012-04-01,25,OZ,2,11.98
86246,205,97,9753,1021704727,0,2012-04-01,1,CT,1,4.68
86246,205,2,214,107174070,20626,2012-04-01,24,OZ,1,3.79
86246,205,18,1898,104116343,8435,2012-04-01,12,CT,1,4.99
86246,205,5,501,101116616,15266,2012-04-01,18.2,OZ,1,3.79
86246,205,81,8115,104116343,8435,2012-04-01,6,CT,1,1
86246,205,6,601,107092070,17882,2012-04-01,7.3,OZ,1,2.79
86246,205,58,5835,107539373,55244,2012-04-01,16,OZ,1,2.39
86246,205,7,707,1087329080,9614,2012-04-01,12,OZ,1,7.49
86246,205,97,9753,1020800020,0,2012-04-01,1,CT,1,6.99
86246,205,5,501,101862717,9496,2012-04-01,15,OZ,1,4.49
86246,205,64,6401,108066080,4098,2012-04-01,72,OZ,2,16.98
86246,205,4,405,101116616,15266,2012-04-01,10.5,OZ,1,1.39
86246,205,32,3202,101116616,15266,2012-04-01,24,OZ,1,3.09
86246,205,4,418,103400030,57369,2012-04-01,12,OZ,1,4.29
86246,205,33,3303,104178040,19154,2012-04-01,10,OZ,1,4.29
86246,205,4,412,101070010,9275,2012-04-01,7,OZ,1,2.09
86246,205,29,2925,101740010,11011,2012-04-01,32,OZ,1,2.49
86246,205,32,3203,104815545,8105,2012-04-01,5,OZ,1,1
86246,205,21,2112,103120030,12957,2012-04-02,64,OZ,1,4.29
86246,205,31,3111,104150040,6714,2012-04-02,6,OZ,1,3.99
86246,205,63,6323,104190040,3522,2012-04-02,12,OZ,1,1.39
86246,205,33,3305,102840020,5141,2012-04-02,1.25,OZ,2,1
86246,205,63,6315,101116616,15266,2012-04-02,128,OZ,1,3.79
86246,205,32,3203,101116616,15266,2012-04-02,6,OZ,1,3.09
86246,205,64,6406,108470484,9865,2012-04-02,0.75,LT,1,12.49
86246,205,31,3101,107967979,17087,2012-04-02,7,OZ,1,1
86246,205,26,2629,104116343,8435,2012-04-02,200,CT,1,3.49
86246,205,33,3305,102840020,18584,2012-04-02,10,OZ,1,3.99
86246,205,63,6320,102685525,7667,2012-04-02,12,CT,1,1.69
86246,205,34,3410,107418272,16853,2012-04-02,7.5,OZ,1,2.19
86246,205,63,6305,102500020,11749,2012-04-02,59,OZ,2,7.9
86246,205,35,3504,104815545,14363,2012-04-02,25,OZ,1,1
86246,205,64,6401,108992484,20251,2012-04-02,144,OZ,1,9.69
86246,205,34,3411,103500030,8919,2012-04-02,18,OZ,1,4.89
86246,205,26,2619,104113040,28204,2012-04-02,30,CT,1,2.69
86246,205,36,3601,101200010,13794,2012-04-02,144,OZ,1,4.59
86246,205,63,6316,107996777,31373,2012-04-02,16,OZ,1,1.69
86246,205,35,3506,103500030,13470,2012-04-02,75,OZ,1,4.99
86246,205,59,5906,104060040,26155,2012-04-02,15,OZ,1,3.79
86246,205,33,3313,102840020,18584,2012-04-02,15,OZ,1,3.69
86246,205,64,6409,108051686,14090,2012-04-02,1.5,LT,1,10.99
86246,205,36,3611,106827464,30855,2012-04-02,405.6,OZ,1,3.99
86246,205,25,2506,104127141,26189,2012-04-02,16,OZ,1,2.29
86246,205,33,3315,103871838,23699,2012-04-02,12,OZ,1,2.99
86246,205,97,9753,1021013424,0,2012-04-02,1,CT,1,4.07
86246,205,39,3903,101116616,15266,2012-04-02,12,OZ,1,2.29
86246,205,58,5814,104470040,10837,2012-04-02,10.7,OZ,1,3.19
86246,205,37,3705,105100050,2820,2012-04-02,18.8,OZ,2,4.29
86246,205,26,2633,104116343,8435,2012-04-02,12,RL,1,7.79
86246,205,37,3705,105100050,2820,2012-04-02,18.6,OZ,1,1.5
86246,205,58,5814,104470040,10837,2012-04-02,8.9,OZ,1,3.19
86246,205,35,3509,104116343,8435,2012-04-02,50,OZ,1,4.59
86246,205,26,2628,105400050,16048,2012-04-02,1,RL,1,1
86246,205,99,9908,103338333,33170,2012-04-02,8,OZ,1,2.19
86246,205,63,6311,103425636,20309,2012-04-02,64,OZ,1,3.59
86246,205,55,5552,107756777,2347,2012-04-02,48,OZ,1,5.39
86246,205,26,2630,103600030,9787,2012-04-02,70,CT,3,4.17
86246,205,99,9904,103338333,33170,2012-04-02,16,OZ,1,2.99
86246,205,62,6201,102400020,4704,2012-04-02,20.5,OZ,1,4.99
86246,205,9,906,107023777,6845,2012-04-02,10,OZ,1,2.15
86246,205,26,2619,101258717,7245,2012-04-02,50,CT,1,8.59
86246,205,99,9908,1071651979,11085,2012-04-02,12,OZ,1,2.39
86246,205,18,1835,104460040,9709,2012-04-02,12.5,LB,1,12.29
86246,205,8,807,101958212,86245,2012-04-02,17.5,OZ,1,2.39
86246,205,11,1102,1072277676,17117,2012-04-02,1,CT,1,6.79
86246,205,4,416,103400030,2689,2012-04-02,1.5,OZ,1,0.69
86246,205,9,908,105960858,33170,2012-04-02,19,OZ,1,3.29
86246,205,5,501,101600010,9773,2012-04-02,12,OZ,1,4.19
86246,205,9,905,104300040,17447,2012-04-02,6,OZ,1,2.2
86246,205,9,901,102750020,837,2012-04-02,9,OZ,1,3.19
86246,205,9,907,107518575,11221,2012-04-02,18,OZ,1,3.79
86246,205,5,501,101600010,12936,2012-04-02,18,OZ,1,4.39
86246,205,13,1306,101020010,19622,2012-04-02,2,LB,1,1.59
86246,205,4,418,104000040,26517,2012-04-03,12.6,OZ,1,4.29
86246,205,0,0,10000,0,2012-04-03,0,,2,-1.76
86246,205,3,311,1064420969,5345,2012-04-03,16,OZ,1,2.29
86246,205,63,6320,107794373,61360,2012-04-04,12,CT,1,2.39
86246,205,99,9904,103338333,33170,2012-04-04,48,OZ,1,2.69
86246,205,63,6312,105020050,52045,2012-04-04,54,OZ,1,3.59
86246,205,51,5117,104113040,28204,2012-04-04,6.5,OZ,3,2.64
86246,205,64,6409,108500080,11770,2012-04-04,0.75,LT,1,10.29
86246,205,99,9909,107127979,6732,2012-04-04,7,OZ,1,4.19
86246,205,24,2415,103900030,10383,2012-04-04,15,OZ,1,3.29
86246,205,9,907,1065752262,25738,2012-04-04,16,OZ,1,3.49
86246,205,97,9753,10000,0,2012-04-04,1,CT,1,0.69
86246,205,41,4107,105030050,17737,2012-04-04,15,OZ,1,1.59
86246,205,63,6315,101116616,15266,2012-04-04,128,OZ,3,11.37
86246,205,5,501,104240040,40317,2012-04-04,16.5,OZ,1,3.29
86246,205,73,7312,1031011939,1488,2012-04-04,0.5,OZ,1,5.59
86246,205,41,4120,102400020,3988,2012-04-04,6,OZ,1,0.89
86246,205,21,2106,104175545,10177,2012-04-04,64,OZ,1,3.59
86246,205,9,907,107518575,11221,2012-04-04,18,OZ,1,3.79
86246,205,63,6315,1074236575,8499,2012-04-04,64,OZ,1,4.59
86246,205,56,5610,107015777,18691,2012-04-04,4.25,OZ,1,2.99
86246,205,59,5902,101116616,15266,2012-04-04,8,OZ,1,1.89
86246,205,5,501,101116616,15266,2012-04-04,18,OZ,1,3.79
86246,205,64,6401,108834585,12595,2012-04-04,72,OZ,1,8.29
86246,205,55,5552,107756777,2347,2012-04-04,48,OZ,1,5.39
86246,205,26,2628,105400050,16048,2012-04-04,1,RL,1,1
86246,205,9,917,1089097181,63469,2012-04-04,15,OZ,1,2.09
86246,205,64,6409,108500080,15037,2012-04-04,0.75,LT,1,9.29
86246,205,41,4108,102880020,7907,2012-04-04,15.5,OZ,2,2.3
86246,205,58,5812,104470040,13310,2012-04-04,16,OZ,2,10.38
86246,205,8,803,101116616,15266,2012-04-04,8,OZ,1,1.19
86246,205,64,6401,107231171,5150,2012-04-04,72,OZ,1,7.79
86246,205,56,5615,102100020,4218,2012-04-04,10,OZ,1,5.49
86246,205,26,2634,103700030,3293,2012-04-04,4,RL,1,3.75
86246,205,9,902,104400040,12279,2012-04-04,16,OZ,1,3.59
86246,205,97,9753,1022020121,0,2012-04-04,1,CT,1,8.06
86246,205,55,5556,107756777,2347,2012-04-04,48,OZ,1,5.39
86246,205,57,5710,1068954464,6086,2012-04-04,5.3,OZ,5,7.95
86246,205,5,516,101600010,12426,2012-04-04,8.9,OZ,1,3.69
86246,205,64,6409,108678585,17449,2012-04-04,0.75,LT,1,8.69
86246,205,9,908,107731777,17055,2012-04-04,22,OZ,1,3.99
86246,205,25,2509,101116616,15266,2012-04-04,32,OZ,1,2.69
86246,205,8,814,102066222,12598,2012-04-04,16,OZ,1,2.79
86246,205,64,6401,108066080,4098,2012-04-04,72,OZ,1,8.49
86246,205,9,902,104400040,15335,2012-04-04,15.1,OZ,1,3.99
86246,205,56,5617,102100020,9886,2012-04-04,48,OZ,1,14.79
86246,205,6,601,105000050,12547,2012-04-04,7.1,OZ,1,1.59
86246,205,73,7344,101650010,25043,2012-04-04,36,CT,1,5.19
86246,205,8,801,101300010,8164,2012-04-04,14,OZ,1,1.79
86246,205,18,1850,102120020,16044,2012-04-04,1,CT,1,1
86246,205,5,501,101600010,3331,2012-04-04,8.9,OZ,1,3.89
86246,205,73,7344,102429121,7890,2012-04-04,4,CT,1,1
86246,205,7,707,1078778070,12564,2012-04-04,12,OZ,1,7.59
86246,205,56,5617,102100020,9886,2012-04-04,16,OZ,1,5.49
86246,205,4,405,101116616,15266,2012-04-04,16,OZ,1,1.99
86246,205,73,7344,103700030,14466,2012-04-04,14,CT,1,12.59
86246,205,5,501,101600010,3331,2012-04-04,17,OZ,1,5.09
86246,205,21,2105,105200050,7054,2012-04-04,160,OZ,1,5.49
86246,205,8,805,105440050,23210,2012-04-04,15,OZ,1,5.39
86246,205,63,6305,101630010,6509,2012-04-04,59,OZ,1,4.49
86246,205,7,707,102550020,6550,2012-04-04,10.3,OZ,1,5.39
86246,205,19,1908,105150050,16728,2012-04-04,16,OZ,1,3.89
86246,205,33,3309,102840020,18584,2012-04-04,13,OZ,1,3.99
86246,205,23,2301,101116616,15266,2012-04-04,16,OZ,1,1
86246,205,29,2902,105100050,2820,2012-04-04,19,OZ,2,5.98
86246,205,34,3411,107940070,17521,2012-04-04,12,OZ,2,4.98
86246,205,33,3303,102068525,2892,2012-04-04,8,OZ,1,3.79
86246,205,36,3618,107800070,4944,2012-04-04,67.6,OZ,3,5.07
86246,205,27,2710,103320030,875,2012-04-04,14,LB,1,6.99
86246,205,36,3618,104900040,23359,2012-04-04,144,OZ,1,5.79
86246,205,29,2914,102100020,19279,2012-04-04,24,OZ,1,5.89
86246,205,36,3611,108265787,4687,2012-04-04,202.8,OZ,1,4.49
86246,205,30,3010,102066222,12598,2012-04-04,16,OZ,1,3.99
86246,205,37,3703,101116616,15266,2012-04-04,10.75,OZ,2,2.18
86246,205,33,3302,102700020,57417,2012-04-04,9.9,OZ,1,3.39
86246,205,41,4105,101116616,15266,2012-04-04,14.5,OZ,1,1.39
86246,205,36,3601,104900040,3809,2012-04-04,20,OZ,1,1.69
86246,205,41,4105,102400020,4704,2012-04-04,28,OZ,1,2.19
86246,205,33,3305,102840020,5141,2012-04-05,11.5,OZ,1,4.29
86246,205,41,4107,102400020,4704,2012-04-05,14.5,OZ,3,5.18
86246,205,33,3307,102900020,14112,2012-04-05,16,OZ,1,4.89
86246,205,36,3611,108265787,4687,2012-04-05,101.4,OZ,1,1
86246,205,33,3308,102840020,3336,2012-04-05,9.75,OZ,1,3.49
86246,205,37,3707,105100050,17812,2012-04-05,26,OZ,5,15.45
86246,205,30,3001,102100020,9886,2012-04-05,22,OZ,1,5.39
86246,205,41,4107,101116616,15266,2012-04-05,15,OZ,1,1.59
86246,205,99,9908,103338333,33170,2012-04-05,16,OZ,1,2.49
86246,205,33,3351,1075491878,14283,2012-04-05,7,OZ,2,7.78
86246,205,56,5609,102100020,2321,2012-04-05,24,OZ,1,3.79
86246,205,72,7214,101254616,18738,2012-04-05,18,CT,2,2.58
86246,205,99,9908,103338333,33170,2012-04-05,24,OZ,2,2.98
86246,205,63,6315,101116616,15266,2012-04-05,64,OZ,1,2.69
86246,205,9,901,1070897171,10653,2012-04-05,13.5,OZ,1,3.59
86246,205,63,6330,101116616,15266,2012-04-05,16,OZ,1,2.39
86246,205,56,5615,107592575,4368,2012-04-05,16,OZ,1,5.89
86246,205,18,1835,104460040,9709,2012-04-05,16.6,LB,1,11.89
86246,205,4,427,103400030,8682,2012-04-05,1.5,OZ,2,3.98
86246,205,63,6320,102685525,7667,2012-04-05,12,CT,1,1.89
86246,205,55,5556,107756777,2347,2012-04-05,48,OZ,2,10.78
86246,205,63,6305,104850040,18799,2012-04-05,59,OZ,1,4.89
86246,205,9,901,103010030,15828,2012-04-05,13,OZ,0,0
86246,205,97,9753,10000,0,2012-04-05,1,CT,1,3.67
86246,205,41,4108,103940030,71386,2012-04-05,16,OZ,1,1.29
86246,205,24,2415,103760030,11238,2012-04-05,15,OZ,1,1.99
86246,205,4,416,103400030,15113,2012-04-05,1.2,OZ,2,1.38
86246,205,97,9709,1076746979,4607,2012-04-05,1,CT,2,2
86246,205,9,908,107626575,35996,2012-04-05,18,OZ,1,3.29
86246,205,57,5704,105360050,10074,2012-04-05,6,OZ,4,3.56
86246,205,4,419,107726070,15624,2012-04-05,3,OZ,2,3.18
86246,205,26,2634,103600030,4139,2012-04-05,6,RL,1,3.99
86246,205,16,1604,101254616,18738,2012-04-05,18,CT,2,2.58
86246,205,57,5707,107047070,20230,2012-04-05,16,OZ,1,2.49
86246,205,4,410,107097070,13717,2012-04-05,3,OZ,1,1.29
86246,205,26,2628,103700030,2248,2012-04-05,1,RL,1,2.39
86246,205,9,902,102410020,44209,2012-04-05,13.7,OZ,1,4.49
86246,205,63,6315,107996777,31373,2012-04-05,128,OZ,1,4.99
86246,205,4,417,103400030,15113,2012-04-05,2.4,OZ,1,1.19
86246,205,25,2506,104127141,26189,2012-04-05,16,OZ,2,4.58
86246,205,9,902,103010030,47346,2012-04-05,16,OZ,1,3.99
86246,205,18,1898,103980030,5782,2012-04-05,4,CT,1,5.29
86246,205,8,803,104150040,6714,2012-04-05,14,OZ,1,2.09
86246,205,26,2628,105400050,16048,2012-04-05,1,RL,1,1
86246,205,14,1404,101116616,15266,2012-04-05,24,OZ,1,1.99
86246,205,21,2117,108768484,2903,2012-04-05,60,OZ,1,3.39
86246,205,4,416,104126949,13467,2012-04-05,3,OZ,1,0.99
86246,205,26,2606,105543757,11482,2012-04-05,40,CT,1,2.39
86246,205,9,901,1087627484,24123,2012-04-05,10.5,OZ,1,1
86246,205,19,1905,1085736181,13478,2012-04-05,16,OZ,1,1.29
86246,205,4,418,103400030,2689,2012-04-05,4.8,OZ,1,2.59
86246,205,26,2631,103600030,4139,2012-04-05,140,CT,1,7.89
86246,205,16,1601,101254616,2481,2012-04-05,5,CT,2,1.58
86246,205,7,707,102550020,6550,2012-04-05,10.8,OZ,1,4.89
86246,205,9,902,1089044484,10211,2012-04-05,6,OZ,1,2.99
86246,205,63,6315,1074236575,8499,2012-04-06,64,OZ,1,4.59
86246,205,99,9908,103338333,33170,2012-04-06,16,OZ,1,1.89
86246,205,63,6313,107020070,11244,2012-04-06,15.5,OZ,1,3.89
86246,205,55,5552,107144171,7675,2012-04-06,48,OZ,1,5.09
86246,205,64,6401,108992484,20251,2012-04-06,288,OZ,1,17.29
86246,205,8,803,101116616,15266,2012-04-06,8,OZ,1,1.19
86246,205,26,2615,103600030,9878,2012-04-06,18,CT,1,3.55
86246,205,16,1604,102200020,6021,2012-04-06,15,CT,1,1.29
86246,205,97,9753,10000,0,2012-04-06,1,CT,1,0.69
86246,205,4,416,103400030,8247,2012-04-06,1.55,OZ,4,2
86246,205,59,5902,103450030,10165,2012-04-06,16,OZ,1,3.89
86246,205,16,1604,101254616,18738,2012-04-06,18,CT,1,1.29
86246,205,63,6311,104180040,19713,2012-04-06,64,OZ,1,3.09
86246,205,8,803,106414464,7770,2012-04-06,12,OZ,1,2.69
86246,205,33,3305,102840020,18584,2012-04-06,9.75,OZ,1,3.99
86246,205,9,901,1070640979,33170,2012-04-06,1.8,OZ,1,1.99
86246,205,33,3303,104178040,19154,2012-04-06,3.5,OZ,1,1
86246,205,4,410,107097070,13717,2012-04-06,3,OZ,3,3.87
86246,205,30,3008,107110070,8280,2012-04-06,8,OZ,1,2.39
86246,205,9,901,1070897171,10653,2012-04-06,15,OZ,1,3.89
86246,205,28,2806,105410050,19509,2012-04-06,16,OZ,1,3.39
86246,205,8,821,104139040,9659,2012-04-06,15,OZ,2,5.98
86246,205,33,3312,103700030,14494,2012-04-06,6.41,OZ,1,1.99
86246,205,0,0,10000,20405,2012-04-06,0,,1,1.29
86246,205,36,3611,104113040,17690,2012-04-06,101.4,OZ,1,1.89
86246,205,8,826,107550070,18204,2012-04-06,12,OZ,1,1.79
86246,205,8,801,101300010,8164,2012-04-06,14,OZ,1,1.79
86246,205,8,807,107460979,9524,2012-04-06,18,OZ,1,1.5
86246,205,4,405,1076020373,55784,2012-04-06,9,OZ,1,1
86246,205,32,3203,106414464,13474,2012-04-07,5,OZ,1,3.69
86246,205,99,9908,103338333,33170,2012-04-07,8,OZ,2,4.38
86246,205,63,6320,107794373,61360,2012-04-07,12,CT,3,7.17
86246,205,56,5614,104171646,6769,2012-04-07,12,OZ,1,4.59
86246,205,25,2509,101116616,15266,2012-04-07,16,OZ,1,1.49
86246,205,9,921,102560020,18051,2012-04-07,4,OZ,2,2.58
86246,205,64,6401,101820010,2510,2012-04-07,216,OZ,2,27.98
86246,205,2,201,105150050,14029,2012-04-07,18.9,OZ,1,2.19
86246,205,56,5620,107592575,4368,2012-04-07,8,OZ,1,3.19
86246,205,3,311,105210050,2732,2012-04-07,4.25,OZ,1,2.49
86246,205,64,6409,101323212,41191,2012-04-07,0.75,LT,1,12.99
86246,205,36,3604,107800070,16023,2012-04-07,48,OZ,1,2.99
86246,205,25,2503,105000050,32115,2012-04-07,16,OZ,1,3.59
86246,205,36,3611,108265787,4687,2012-04-07,405.6,OZ,1,6.29
86246,205,63,6330,101116616,15266,2012-04-07,8,OZ,1,1.79
86246,205,35,3504,103500030,13470,2012-04-07,20,OZ,1,3.19
86246,205,63,6305,104850040,18799,2012-04-07,59,OZ,1,4.89
86246,205,63,6328,102016929,16492,2012-04-07,20,OZ,2,5.58
86246,205,21,2109,104180040,19713,2012-04-07,64,OZ,1,4.89
86246,205,36,3632,104113040,17690,2012-04-08,33.8,OZ,1,1.39
86246,205,64,6408,108072080,7265,2012-04-08,1.5,LT,1,4.99
86246,205,31,3110,101600010,1756,2012-04-08,4.1,OZ,1,1.99
86246,205,60,6012,101800010,14029,2012-04-08,17.5,OZ,1,3.99
86246,205,30,3008,104133545,43106,2012-04-08,9,OZ,1,2.19
86246,205,97,9707,107169171,15583,2012-04-08,2,CT,2,3
86246,205,99,9908,103338333,33170,2012-04-08,16,OZ,1,2.59
86246,205,56,5620,107592575,4368,2012-04-08,8,OZ,1,3.19
86246,205,45,4509,104440040,7504,2012-04-08,7.1,OZ,2,7.98
86246,205,97,9753,1020099929,0,2012-04-08,1,CT,2,6.6
86246,205,9,922,102430020,10577,2012-04-08,13.12,OZ,1,1.79
86246,205,60,6011,101800010,14029,2012-04-08,16.3,OZ,1,2.2
86246,205,8,810,101116616,15266,2012-04-08,2.5,OZ,2,2.78
86246,205,97,9753,1020800020,0,2012-04-08,1,CT,1,6.99
86246,205,63,6312,102500020,2362,2012-04-08,59,OZ,1,1.49
86246,205,36,3633,109879494,17367,2012-04-09,48,OZ,1,3.59
86246,205,64,6408,108072080,7265,2012-04-09,1.5,LT,1,4.99
86246,205,39,3903,103000030,1058,2012-04-09,12,OZ,1,2.99
86246,205,25,2509,101116616,15266,2012-04-09,32,OZ,2,5.18
86246,205,35,3504,104113040,28204,2012-04-09,25,OZ,1,0.99
86246,205,56,5620,101116616,15266,2012-04-09,8,OZ,1,2.99
86246,205,63,6315,107996777,31373,2012-04-09,128,OZ,1,4.99
86246,205,33,3305,102840020,18584,2012-04-10,10,OZ,1,3.99
86246,205,72,7209,1030813737,14982,2012-04-10,55,YD,1,1.49
86246,205,41,4110,103940030,71386,2012-04-10,28,OZ,1,2.49
86246,205,26,2633,103040030,683,2012-04-10,4,RL,1,1.99
86246,205,9,908,107731777,17055,2012-04-10,22,OZ,1,3.99
86246,205,64,6401,101820010,2510,2012-04-10,72,OZ,1,6.79
86246,205,0,0,10000,0,2012-04-10,0,,1,-0.99
86246,205,63,6315,101116616,15266,2012-04-10,32,OZ,1,1.59
86246,205,64,6409,108500080,11770,2012-04-10,0.75,LT,1,10.29
86246,205,25,2509,107996777,31373,2012-04-10,16,OZ,1,1.99
86246,205,63,6399,107731777,33170,2012-04-10,22,OZ,1,4.89
86246,205,64,6401,101820010,2510,2012-04-10,216,OZ,1,13.99
86246,205,41,4105,101116616,15266,2012-04-12,14.75,OZ,2,2.78
86246,205,58,5823,107367575,3012,2012-04-12,5,OZ,2,1.98
86246,205,35,3509,109451494,20153,2012-04-12,75,OZ,1,3.39
86246,205,73,7309,104116343,5845,2012-04-12,12,OZ,1,2.99
86246,205,36,3611,104113040,17690,2012-04-12,405.6,OZ,1,3.99
86246,205,26,2628,105400050,16048,2012-04-12,1,RL,4,4
86246,205,56,5610,101116616,15266,2012-04-12,8,OZ,1,3.29
86246,205,97,9753,1022020121,0,2012-04-12,1,CT,1,6.3
86246,205,9,908,107626575,35996,2012-04-12,18,OZ,1,3.29
86246,205,58,5823,107367575,3012,2012-04-12,4,OZ,1,0.99
86246,205,8,807,102100020,9886,2012-04-12,18,OZ,1,1
86246,205,26,2626,101258717,7245,2012-04-12,1,CT,1,3.69
86246,205,9,907,107518575,11221,2012-04-12,18,OZ,1,3.49
86246,205,58,5827,107389070,17549,2012-04-12,16,OZ,1,3.79
86246,205,12,1205,108000080,17292,2012-04-12,5,OZ,2,2
86246,205,26,2617,101090010,15232,2012-04-12,1,CT,1,9.29
86246,205,33,3303,104178040,19154,2012-04-13,8,OZ,1,3.49
86246,205,75,7504,104116747,2551,2012-04-13,6,OZ,1,10.15
86246,205,55,5556,104113040,28204,2012-04-13,128,OZ,1,5.49
86246,205,63,6315,101116616,15266,2012-04-13,128,OZ,1,3.79
86246,205,9,911,104113040,15294,2012-04-13,5,OZ,1,2.09
86246,205,70,7005,104650040,12977,2012-04-13,18,OZ,1,6.69
86246,205,12,1205,108000080,17292,2012-04-13,5,OZ,1,1
86246,205,23,2301,104113040,28204,2012-04-14,12,OZ,1,0.69
86246,205,99,9904,103338333,33170,2012-04-14,48,OZ,1,3.59
86246,205,64,6408,108072080,7265,2012-04-14,1.5,LT,1,4.99
86246,205,55,5555,107684070,32094,2012-04-14,16,OZ,2,10.38
86246,205,58,5813,1078533171,7796,2012-04-14,16,OZ,1,1.5
86246,205,97,9753,1022033929,0,2012-04-14,1,CT,1,10.5
86246,205,97,9753,1021015020,0,2012-04-14,1,CT,1,8.63
86246,205,3,310,102900020,14112,2012-04-14,2.25,OZ,1,2.19
86246,205,26,2628,103700030,2248,2012-04-14,1,RL,1,1
86246,205,99,9909,107127979,6732,2012-04-14,10,OZ,1,3.69
86246,205,63,6320,102685525,7667,2012-04-14,30,CT,1,2.99
86246,205,47,4704,102500020,11749,2012-04-14,12,OZ,1,1.69
86246,205,58,5835,107590070,2073,2012-04-14,16,OZ,1,3.99
86246,205,99,9908,103338333,33170,2012-04-14,160,OZ,1,5.99
86246,205,64,6401,101820010,2510,2012-04-14,216,OZ,1,13.99
86246,205,9,907,107021070,69929,2012-04-14,24,OZ,1,1.09
86246,205,26,2609,104116343,8435,2012-04-14,40,CT,1,1
86246,205,99,9908,103338333,33170,2012-04-14,8,OZ,1,2.09
86246,205,97,9753,1022020121,0,2012-04-14,1,CT,1,7.5
86246,205,56,5604,107015777,18691,2012-04-14,5,OZ,1,2.99
86246,205,63,6315,107996777,31373,2012-04-14,32,OZ,1,1.99
86246,205,8,802,103030030,3100,2012-04-14,10,OZ,1,0.99
86246,205,63,6316,101116616,15266,2012-04-14,8,OZ,1,1.19
86246,205,47,4701,101116616,15266,2012-04-14,12,OZ,1,1.99
86246,205,26,2633,105400050,16048,2012-04-14,1,RL,2,2.58
86246,205,12,1202,107049070,61330,2012-04-14,14.75,OZ,1,3.69
86246,205,63,6328,102016929,16492,2012-04-14,20,OZ,1,2.79
86246,205,55,5556,104113040,28204,2012-04-14,128,OZ,1,5.49
86246,205,23,2301,102920020,12168,2012-04-14,16,OZ,1,1.79
86246,205,4,416,103400030,8247,2012-04-14,1.45,OZ,1,0.99
86246,205,25,2504,101116616,15266,2012-04-14,12,OZ,2,2.58
86246,205,9,904,101116616,15266,2012-04-14,5,OZ,1,1.59
86246,205,36,3604,104113040,17690,2012-04-14,67.6,OZ,1,1.39
86246,205,8,810,107110070,8280,2012-04-14,1,OZ,1,1.59
86246,205,38,3801,104113040,28204,2012-04-14,4,LB,1,2.79
86246,205,29,2920,102970020,8711,2012-04-14,4,OZ,1,1.59
86246,205,36,3630,107800070,5208,2012-04-14,144,OZ,1,4.99
86246,205,29,2904,101530010,13610,2012-04-14,6.2,OZ,2,2
86246,205,32,3202,104113040,28204,2012-04-14,48,OZ,1,3.09
86246,205,33,3303,104166444,7179,2012-04-14,16,OZ,1,3.49
86246,205,29,2928,101530010,58299,2012-04-14,7.2,OZ,1,1.69
86246,205,29,2928,107142979,20299,2012-04-14,8,OZ,1,2.29
86246,205,30,3008,104100040,19975,2012-04-14,16,OZ,1,3.09
86246,205,99,9904,103338333,33170,2012-04-15,64,OZ,1,3.99
86246,205,30,3001,104800141,8178,2012-04-15,30,OZ,1,5.99
86246,205,9,907,107312474,18613,2012-04-15,10,OZ,2,5.18
86246,205,63,6332,104850040,61745,2012-04-15,59,OZ,1,3.49
86246,205,8,801,101300010,8164,2012-04-15,32,OZ,1,3.09
86246,205,33,3312,103700030,14494,2012-04-15,6.38,OZ,1,1.99
86246,205,4,418,103400030,57369,2012-04-15,12,OZ,1,4.29
86246,205,33,3312,103700030,14494,2012-04-15,6.34,OZ,1,1.99
86246,205,36,3618,101200010,23361,2012-04-15,20,OZ,1,1.59
86246,205,59,5907,104113040,28204,2012-04-16,16,OZ,3,1.99
86246,205,34,3406,103700030,8993,2012-04-16,9.3,OZ,1,1.69
86246,205,64,6408,108072080,7265,2012-04-16,1.5,LT,1,4.99
86246,205,36,3601,101200010,13794,2012-04-16,144,OZ,1,3.99
86246,205,71,7106,104815545,13864,2012-04-16,13.5,OZ,1,1
86246,205,36,3638,1073951070,16807,2012-04-16,20,OZ,1,1.49
86246,205,97,9753,1020012323,0,2012-04-16,1,CT,2,7.81
86246,205,35,3509,103320030,875,2012-04-16,50,OZ,1,5.89
86246,205,8,801,101116616,15266,2012-04-16,24,OZ,1,1.67
86246,205,36,3612,104113040,17690,2012-04-19,128,OZ,1,1.09
86246,205,8,809,103900030,10383,2012-04-19,15,OZ,1,1.69
86246,205,58,5827,107389070,17549,2012-04-19,16,OZ,1,3.79
86246,205,64,6408,108072080,7265,2012-04-19,1.5,LT,1,4.99
86246,205,36,3601,104900040,3809,2012-04-20,144,OZ,4,23.16
86246,205,18,1898,104133343,5379,2012-04-20,4,CT,1,5.35
86246,205,36,3618,104900040,23359,2012-04-20,144,OZ,4,23.16
86246,205,63,6315,1074236575,8499,2012-04-20,64,OZ,1,4.59
86246,205,36,3626,104900040,17186,2012-04-20,144,OZ,2,11.58
86246,205,25,2508,102529323,16410,2012-04-20,64,OZ,1,3.79
86246,205,36,3630,104900040,12086,2012-04-20,144,OZ,2,11.58
86246,205,63,6320,1076912373,2209,2012-04-20,12,CT,1,3.39
86246,205,36,3611,108265787,4687,2012-04-20,405.6,OZ,1,6.29
86246,205,10,1011,104300040,26232,2012-04-20,22.5,OZ,1,3.79
86246,205,4,427,103400030,8682,2012-04-20,1.5,OZ,1,1.99
86246,205,56,5620,107592575,4368,2012-04-21,8,OZ,1,3.19
86246,205,55,5562,104148343,9547,2012-04-21,48,OZ,1,5.29
86246,205,26,2619,104116343,8435,2012-04-21,20,CT,1,5.29
86246,205,9,901,1081612080,36616,2012-04-21,12.4,OZ,1,2.99
86246,205,60,6011,101800010,14029,2012-04-21,16.3,OZ,1,2.2
86246,205,45,4509,1088505080,54337,2012-04-21,32,OZ,1,16.99
86246,205,21,2106,103120030,12957,2012-04-21,64,OZ,1,3.99
86246,205,8,836,101116616,15266,2012-04-21,64,OZ,1,2.59
86246,205,59,5902,101116616,15266,2012-04-21,8,OZ,1,1.89
86246,205,55,5556,107756777,2347,2012-04-21,48,OZ,1,5.39
86246,205,21,2112,101116616,15266,2012-04-21,48,OZ,1,4.09
86246,205,14,1411,102400020,4704,2012-04-21,20,OZ,2,3.78
86246,205,31,3101,105250050,15919,2012-04-21,3,OZ,1,2.99
86246,205,8,807,101300010,9031,2012-04-21,19,OZ,1,2.99
86246,205,33,3303,104178040,19154,2012-04-21,10,OZ,1,4.29
86246,205,10,1013,102400020,4704,2012-04-21,18,OZ,2,5.98
86246,205,33,3313,104178040,19154,2012-04-21,8.5,OZ,1,2.99
86246,205,8,838,107357070,8185,2012-04-21,5,OZ,1,1.49
86246,205,9,902,104400040,15335,2012-04-21,13.7,OZ,1,3.99
86246,205,8,801,104113040,28204,2012-04-21,24,OZ,1,0.99
86246,205,64,6408,108072080,7265,2012-04-22,1.5,LT,1,4.99
86246,205,55,5556,107756777,2347,2012-04-24,48,OZ,1,5.39
86246,205,63,6315,101116616,15266,2012-04-24,128,OZ,1,3.79
86246,205,14,1404,101480010,12021,2012-04-24,23.4,OZ,1,2.59
86246,205,21,2106,103120030,12957,2012-04-24,64,OZ,1,3.99
86246,205,55,5562,104148343,9547,2012-04-24,48,OZ,1,5.29
86246,205,33,3350,107041171,22182,2012-04-24,3.25,OZ,4,21.16
86246,205,0,0,10000,0,2012-04-24,0,,1,-1.68
86246,205,36,3612,104113040,17690,2012-04-24,128,OZ,1,1.09
86246,205,9,901,104400040,13243,2012-04-24,4,OZ,1,1.49
86246,205,33,3307,102900020,14112,2012-04-24,16,OZ,1,4.89
86246,205,5,516,103000030,14760,2012-04-24,6.5,OZ,2,6.58
86246,205,15,1506,104114343,17593,2012-04-24,7,OZ,3,9.27
86246,205,4,416,103400030,8247,2012-04-24,3.92,OZ,3,5.67
86246,205,9,916,107012979,4875,2012-04-24,5.25,OZ,2,6.5
86246,205,5,516,101600010,12426,2012-04-24,8.9,OZ,3,11.07
86246,205,9,901,104400040,3453,2012-04-24,4,OZ,1,1.49
86246,205,7,702,102800020,18041,2012-04-24,1.55,OZ,3,11.97
86246,205,9,907,101410010,13791,2012-04-24,24,OZ,1,3.99
86246,205,36,3626,104900040,17186,2012-04-25,67.6,OZ,1,1.89
86246,205,53,5307,101116616,15266,2012-04-25,32,OZ,2,7.38
86246,205,36,3601,104113040,17690,2012-04-25,67.6,OZ,1,1.39
86246,205,8,807,102100020,9886,2012-04-25,18,OZ,1,1.79
86246,205,33,3316,101600010,3397,2012-04-25,8.75,OZ,1,2.79
86246,205,9,907,107021070,69929,2012-04-25,24,OZ,1,1.09
86246,205,37,3703,105100050,2820,2012-04-25,11,OZ,2,3.58
86246,205,71,7102,104815545,13864,2012-04-25,15,OZ,1,1
86246,205,33,3308,104178040,19154,2012-04-25,4.25,OZ,1,1.69
86246,205,58,5827,107080070,9078,2012-04-25,16,OZ,1,2.99
86246,205,81,8101,102820020,11186,2012-04-25,1,CT,1,3.69
86246,205,19,1906,105150050,16728,2012-04-25,10,OZ,1,2.89
86246,205,64,6408,108072080,7265,2012-04-25,1.5,LT,1,4.99
86246,205,63,6315,101116616,15266,2012-04-25,64,OZ,2,5.38
86246,205,26,2622,102570020,20361,2012-04-25,20,CT,1,2.79
86246,205,60,6012,101116616,15266,2012-04-25,12.4,OZ,1,2.79
86246,205,19,1905,105150050,16728,2012-04-25,12,OZ,1,2.89
86246,205,64,6408,108072080,7265,2012-04-26,1.5,LT,1,4.99
86246,205,75,7520,1079336676,15541,2012-04-26,400,CT,1,1
86246,205,36,3611,104113040,17690,2012-04-27,405.6,OZ,1,5.09
86246,205,63,6315,101116616,15266,2012-04-27,32,OZ,1,1.69
86246,205,44,4404,101800010,14029,2012-04-27,25,OZ,1,3.79
86246,205,97,9753,1021011626,0,2012-04-27,1,CT,1,3.93
86246,205,56,5607,102100020,13967,2012-04-27,8,OZ,1,2.59
86246,205,26,2628,103700030,2248,2012-04-27,1,RL,1,1
86246,205,55,5562,104148343,9547,2012-04-27,48,OZ,1,5.29
86246,205,63,6319,102073525,18893,2012-04-27,128,OZ,1,2.99
86246,205,44,4407,103542737,14964,2012-04-27,24,OZ,1,3.99
86246,205,57,5710,107835474,2675,2012-04-27,32,OZ,1,4.49
86246,205,59,5902,101116616,15266,2012-04-27,16,OZ,1,3.39
86246,205,59,5907,101116616,15266,2012-04-27,8,OZ,1,1.09
86246,205,0,0,10000,0,2012-04-28,0,,2,3.15
86246,205,64,6409,108500080,21196,2012-04-28,0.75,LT,1,10.29
86246,205,54,5403,107142171,54806,2012-04-28,14.8,OZ,1,4.39
86246,205,24,2415,103900030,10383,2012-04-28,12,OZ,1,5.89
86246,205,9,907,107518575,11221,2012-04-28,15,OZ,1,3.49
86246,205,64,6409,108981989,21984,2012-04-28,0.75,LT,1,4.99
86246,205,51,5121,104369545,8522,2012-04-28,9,OZ,12,34.68
86246,205,58,5827,107175575,9933,2012-04-28,24,OZ,1,6.99
86246,205,50,5002,103100030,1358,2012-04-28,7,OZ,4,4.36
86246,205,63,6320,107723676,27247,2012-04-28,12,CT,1,2.39
86246,205,56,5615,101116616,15266,2012-04-28,8,OZ,1,2.69
86246,205,24,2407,103900030,10383,2012-04-28,5,OZ,5,4.45
86246,205,49,4901,101312010,26885,2012-04-28,30,OZ,1,3.6
86246,205,58,5824,107754171,17301,2012-04-28,16,OZ,1,2.99
86246,205,31,3101,105210050,11382,2012-04-28,0.26,OZ,1,1.99
86246,205,22,2201,104116343,8435,2012-04-28,96,OZ,1,2.39
86246,205,36,3618,104900040,23359,2012-04-28,20,OZ,1,1.69
86246,205,58,5835,107080070,9078,2012-04-28,16,OZ,1,1.5
86246,205,33,3315,102900020,14112,2012-04-28,6,OZ,2,5.38
86246,205,35,3504,104113040,28204,2012-04-28,25,OZ,1,0.99
86246,205,29,2902,103760030,8501,2012-04-29,15,OZ,2,3
86246,205,37,3705,105100050,2820,2012-04-29,18.6,OZ,2,3
86246,205,29,2914,102100020,9886,2012-04-29,5.5,OZ,3,4.47
86246,205,40,4001,101116616,15266,2012-04-29,640,OZ,1,5.89
86246,205,33,3302,107615070,194,2012-04-29,8.25,OZ,2,4.58
86246,205,34,3411,107940070,17521,2012-04-29,12,OZ,1,2.49
86246,205,29,2903,106414464,3342,2012-04-29,15,OZ,5,7.48
86246,205,35,3509,103320030,875,2012-04-29,50,OZ,2,11.78
86246,205,33,3308,104178040,19154,2012-04-29,4.5,OZ,1,1.69
86246,205,38,3801,104920040,5098,2012-04-29,2,LB,1,1.89
86246,205,33,3303,104178040,19154,2012-04-29,10,OZ,2,8.58
86246,205,37,3709,104178949,11224,2012-04-29,3,OZ,12,4.14
86246,205,29,2903,105100050,72482,2012-04-29,14.75,OZ,3,4.47
86246,205,35,3504,104815545,14363,2012-04-29,25,OZ,1,1
86246,205,8,817,102700020,8612,2012-04-29,24,OZ,2,3.38
86246,205,81,8101,1070892676,43344,2012-04-29,1,CT,4,11.96
86246,205,41,4107,104113040,28204,2012-04-29,14.5,OZ,4,2.52
86246,205,26,2622,104116343,8435,2012-04-29,40,CT,1,1.59
86246,205,9,921,101128414,9209,2012-04-29,4,OZ,4,3
86246,205,70,7002,104116343,5845,2012-04-29,10,CT,1,1.79
86246,205,5,519,103000030,14760,2012-04-29,15.1,OZ,1,3.99
86246,205,63,6315,101116616,15266,2012-04-29,64,OZ,1,2.69
86246,205,9,902,102410020,44209,2012-04-29,13.7,OZ,2,9.58
86246,205,70,7002,104116343,5845,2012-04-29,1,CT,2,3.18
86246,205,5,516,101116616,15266,2012-04-29,8.9,OZ,2,5.78
